line_id,corporation,sample_name,sample_pairs_count,stop_count
1029,西鉄バス,西鉄バス・１・普通・福岡タワー・医療Ｃ構内行,8,21
1036,西鉄バス,西鉄バス・１－５・普通・藤崎－福岡タワー南口・医療Ｃ構内行,16,27
1038,西鉄バス,西鉄バス・１・普通・橋本－新室見・姪浜駅南口行,11,11
1053,西鉄バス,西鉄バス・１－７・普通・城の原団地－下山門団地・三陽高前行,9,18
1057,西鉄バス,西鉄バス・１－５・普通・中村－拾六町団地・野方行,4,13
1079,西鉄バス,西鉄バス・普通・龍の宮行,17,11
11,西鉄バス,西鉄バス・６８・普通・天神－国体道路－キャナル博多・博多駅行,17,19
1100,西鉄バス,西鉄バス・８・普通・博多駅行,13,25
1128,西鉄バス,西鉄バス・２０１・普通・田隈新町－六本松－国体道路・天神・博多駅行,34,43
117,西鉄バス,西鉄バス・６－１・普通・キャナル博多・博多駅行,26,25
1185,西鉄バス,西鉄バス・７８・普通・流通Ｃ－県庁明治通り－天神・大濠公園行,6,12
1186,西鉄バス,西鉄バス・７７・普通・大濠公園行,7,16
1190,西鉄バス,西鉄バス・７７・普通・多の津－県庁－明治通り－天神・大濠公園行,6,12
1191,西鉄バス,西鉄バス・７７・普通・土井団地－名子・みどりが丘団地入口行,15,23
1192,西鉄バス,西鉄バス・７１・普通・月見町行,17,21
1193,西鉄バス,西鉄バス・７８・普通・多々良－土井団地－原土井病院・みどりが丘団地入口行,31,40
1197,連絡バス,連絡バス・皿倉山ケーブルカー・無料シャトルバス・ＪＲ八幡駅行,5,2
120,西鉄バス,西鉄バス・６・普通・キャナル博多・博多駅行,12,22
1215,西鉄バス,西鉄バス・３９・普通・空港通－二又瀬－福岡空港－月隈団地・桜丘第五行,10,26
1217,西鉄バス,西鉄バス・４３・普通・金隈行,16,16
1231,西鉄バス,西鉄バス・１２・普通・六本松－赤坂門－天神・博多駅行,16,30
1236,西鉄バス,西鉄バス・１２・普通・六本松－福大前・片江営行,10,24
1237,西鉄バス,西鉄バス・１２・普通・赤坂門－六本松－福大前・片江営行,1,17
124,西鉄バス,西鉄バス・６・普通・鳥飼－西新四－博物館南口・福岡タワー行,7,17
1256,西鉄バス,西鉄バス・５７－２・普通・大牟田駅－白銀橋－橘交差点－新大牟田・吉野循環行,27,26
1265,西鉄バス,西鉄バス・１６・普通・倉掛行,17,15
1266,西鉄バス,西鉄バス・１６・普通・倉掛行,10,10
1267,西鉄バス,西鉄バス・１５・普通・大牟田駅・ゆめタウン大牟田行,29,19
1268,西鉄バス,西鉄バス・１５・普通・西鉄大牟田駅行,20,14
1273,西鉄バス,西鉄バス・１０・普通・西鉄大牟田駅行,9,14
1274,西鉄バス,西鉄バス・１８・普通・黒崎団地前行,11,16
1275,西鉄バス,西鉄バス・１０・普通・西鉄大牟田駅行,5,12
1277,西鉄バス,西鉄バス・１０・普通・大牟田駅・西鉄大牟田営行,16,18
1278,西鉄バス,西鉄バス・１・普通・大牟田駅・西鉄大牟田営行,1,6
1280,西鉄バス,西鉄バス・１８・普通・黒崎団地前行,19,20
1282,西鉄バス,西鉄バス・１８・普通・大牟田駅・西鉄大牟田営行,5,6
1284,西鉄バス,西鉄バス・３・普通・西鉄大牟田駅行,5,7
1285,西鉄バス,西鉄バス・３・普通・グリーンランド・ホテルヴェルデ前行,5,8
1286,西鉄バス,西鉄バス・７－１・普通・動物園前・西鉄大牟田営行,5,6
1295,西鉄バス,西鉄バス・１・普通・頓野グランド前行,19,12
1296,西鉄バス,西鉄バス・２・普通・中原・道目木行,6,15
1297,西鉄バス,西鉄バス・３・普通・出口・道目木行,14,14
1298,西鉄バス,西鉄バス・１３・普通・中央病院－浄福寺・イオンモール直方行,15,10
1302,西鉄バス,西鉄バス・普通・シャトルバス・直方行,5,4
1304,西鉄バス,西鉄バス・７・普通・永満寺行,1,19
1305,西鉄バス,西鉄バス・２４・普通・山家道・西鉄筑紫駅行,14,10
1307,西鉄バス,西鉄バス・３・普通・ＪＲ二日市駅・西鉄二日市駅行,10,7
1344,西鉄バス,西鉄バス・３４・普通・中谷行,39,38
1346,西鉄バス,西鉄バス・３４・普通・小倉駅ＢＣ・砂津行,33,31
1367,西鉄バス,西鉄バス・４９・普通・桃山町・ＪＲ門司駅行,48,41
1375,西鉄バス,西鉄バス・４５・普通・小倉記念病院行,2,15
1378,西鉄バス,西鉄バス・５１・普通・北九州空港行,6,5
1379,西鉄バス,西鉄バス・５１・普通・北九州空港行,8,7
1391,西鉄バス,西鉄バス・８・普通・霧丘三行,17,15
1398,西鉄バス,西鉄バス・２５・普通・三萩野－小倉駅ＢＣ・砂津行,29,31
1401,西鉄バス,西鉄バス・急行・小嶺・黒崎駅行,16,14
1402,西鉄バス,西鉄バス・急行・小嶺・直方行,13,17
1404,西鉄バス,西鉄バス・５６・普通・中央三－大蔵・上重田行,13,14
1410,西鉄バス,西鉄バス・５６・普通・大蔵－中央町・イオン八幡東行,11,12
1411,西鉄バス,西鉄バス・２０・普通・千本杉・西鉄久留米行,15,29
1412,西鉄バス,西鉄バス・２０・普通・田主丸－吉井・浮羽発着所行,45,38
1416,西鉄バス,西鉄バス・２０・普通・田主丸・吉井営行,38,34
1429,西鉄バス,西鉄バス・１・普通・折尾駅行,56,46
1430,西鉄バス,西鉄バス・１・普通・西鉄黒崎ＢＣ行,53,41
1431,西鉄バス,西鉄バス・９９・普通・中央卸売市場行,23,14
1432,西鉄バス,西鉄バス・４０・普通・長門石・目達原行,8,9
1434,西鉄バス,西鉄バス・４０・普通・西鉄久留米行,5,5
1437,西鉄バス,西鉄バス・４０・普通・長門石・青葉台中央行,10,10
1462,西鉄バス,西鉄バス・７３・普通・屋形船車庫行,19,16
1474,西鉄バス,西鉄バス・４２・普通・枝光駅－中央町－花尾町－祇園三・西鉄黒崎ＢＣ行,53,54
1476,西鉄バス,西鉄バス・４２・普通・枝光駅－中央町－花尾町－祇園三・ＪＲ八幡駅行,44,48
1484,西鉄バス,西鉄バス・９１・普通・砂津行,19,22
1495,西鉄バス,西鉄バス・４０・普通・伊川－黒川－門司港レトロ・ＪＲ門司港駅行,11,24
1497,西鉄バス,西鉄バス・４１・普通・黒川－大積東口・白野江行,25,23
1498,西鉄バス,西鉄バス・４０・普通・黒川－柄杓田・恒見営行,21,17
1517,西鉄バス,西鉄バス・６０・普通・伊川－淡島神社・ＪＲ門司駅行,3,4
153,西鉄バス,西鉄バス・８・普通・博多駅行,22,34
1538,西鉄バス,西鉄バス・１７・普通・寺迫口－下曽根駅北口・弥生が丘営行,4,20
1543,西鉄バス,西鉄バス・１８・普通・青葉車庫行,19,26
1547,西鉄バス,西鉄バス・２８・普通・南小倉駅－金田－市役所－小倉駅ＢＣ・霧丘三行,47,47
1548,西鉄バス,西鉄バス・２７・普通・明和町－黒原・湯川新町三行,1,10
1549,西鉄バス,西鉄バス・２７・普通・市役所－ソレイユ－南小倉駅－井堀・製鉄飛幡門行,30,32
1553,西鉄バス,西鉄バス・２６Ａ・普通・福間－都高－昭和通・天神行,22,50
1557,西鉄バス,西鉄バス・２６Ａ・普通・東郷橋・赤間営行,51,44
1577,西鉄バス,西鉄バス・７４・普通・上脇田行,16,26
1579,西鉄バス,西鉄バス・１１・普通・乙金－桜並木駅・ＪＲ南福岡駅行,21,17
1584,西鉄バス,西鉄バス・３・普通・博多の森競技場－志免鉄道公園－新原・宇美営行,39,30
1585,西鉄バス,西鉄バス・５・普通・新生－志免－亀山－別府・福岡空港行,13,21
1589,西鉄バス,西鉄バス・３７・普通・志免－上宇美・四王寺坂行,42,36
1590,西鉄バス,西鉄バス・普通・博多の森競技場－東平尾・福岡空港国内線南行,15,13
1591,西鉄バス,西鉄バス・２０・普通・大野城駅西口行,6,14
1602,西鉄バス,西鉄バス・２・普通・光町・西鉄春日原行,19,17
1619,西鉄バス,西鉄バス・１・普通・大土居－光町・西鉄春日原行,22,23
1625,西鉄バス,西鉄バス・６・普通・春日・月の浦営行,20,20
1635,西鉄バス,西鉄バス・４２・普通・ＪＲ博多南駅行,2,5
1636,西鉄バス,西鉄バス・４２・普通・大土居－昇町－井尻・西鉄大橋駅行,13,24
1641,西鉄バス,西鉄バス・４２・普通・西鉄大橋駅行,13,18
1642,西鉄バス,西鉄バス・２１・普通・下大利駅－市役所・イオン大野城行,21,24
1643,西鉄バス,西鉄バス・２１・普通・下大利駅行,22,19
1646,西鉄バス,西鉄バス・２１・普通・下大利駅行,2,6
1653,西鉄バス,西鉄バス・２３・普通・青葉台－つつじケ丘・南山手団地行,25,19
1654,西鉄バス,西鉄バス・２３・普通・青葉台・下大利駅行,3,5
1655,西鉄バス,西鉄バス・２３・普通・青葉台－つつじケ丘－平野Ｈ・月の浦営行,3,15
1656,西鉄バス,西鉄バス・４０・普通・朝倉街道・ＪＲ二日市駅行,7,13
1657,西鉄バス,西鉄バス・４０・普通・杷木行,30,26
1659,西鉄バス,西鉄バス・４１・普通・原鶴温泉・杷木行,63,55
1660,西鉄バス,西鉄バス・４１・普通・西鉄朝倉街道駅行,3,7
1662,西鉄バス,西鉄バス・４０・普通・甘木営行,43,32
1663,西鉄バス,西鉄バス・４０・普通・甘木営行,5,8
1664,西鉄バス,西鉄バス・４００・普通・甘木営行,48,42
1668,西鉄バス,西鉄バス・２１・普通・西鉄筑豊・済生会飯塚嘉穂病院行,18,20
1671,西鉄バス,西鉄バス・２１・普通・西鉄筑豊・飯塚工業団地行,15,16
1672,西鉄バス,西鉄バス・１７・普通・公園前－光が丘・光が丘四行,16,17
1673,西鉄バス,西鉄バス・１７・普通・公園前－光が丘・光が丘四行,25,19
1690,西鉄バス,西鉄バス・特急・粕屋警察署－穂波－飯塚・新飯塚駅行,14,8
1700,西鉄バス,西鉄バス・２・普通・ＪＲ東郷駅行,32,29
1702,西鉄バス,西鉄バス・１・普通・宗像大社・神湊波止場行,21,15
1705,西鉄バス,西鉄バス・１－１・普通・津屋崎橋行,24,18
1711,西鉄バス,西鉄バス・３・普通・池野支所・鐘崎車庫行,40,31
1718,西鉄バス,西鉄バス・１・普通・青柳四ツ角・ＪＲ古賀駅行,25,23
172,西鉄バス,西鉄バス・２０４・普通・那の津四行,16,25
1721,西鉄バス,西鉄バス・１・普通・青柳四ツ角－古賀駅東医療Ｃ・舞の里行,7,31
1723,西鉄バス,西鉄バス・３・普通・東医療Ｃ－花見・ＪＲ古賀駅行,20,19
1728,西鉄バス,西鉄バス・６８・普通・西鉄筑豊・鞍手車庫行,4,4
1736,西鉄バス,西鉄バス・５７・普通・南王子－国道東曲里町－ふれあい通り・西鉄黒崎ＢＣ行,5,15
1740,西鉄バス,西鉄バス・５７・普通・北筑高－永犬丸－大平－千代小・香月営行,7,33
1750,西鉄バス,西鉄バス・普通・西鉄五条駅行,13,9
1752,西鉄バス,西鉄バス・普通・君畑・西鉄二日市東口行,16,10
1753,西鉄バス,西鉄バス・１－２・普通・西鉄二日市駅行,24,18
1755,西鉄バス,西鉄バス・２－１・普通・西鉄二日市駅行,14,12
1761,西鉄バス,西鉄バス・１－２・普通・原営前行,1,6
1766,西鉄バス,西鉄バス・３１・普通・篠栗・日の浦口行,38,36
1776,西鉄バス,西鉄バス・７・普通・岡垣町役場西・松ケ台方面行,28,21
1778,西鉄バス,西鉄バス・８・普通・赤間駅南口行,23,11
1779,西鉄バス,西鉄バス・８・普通・赤間駅南口行,19,16
178,西鉄バス,西鉄バス・２０６・普通・西陵高・野方行,25,41
1786,西鉄バス,西鉄バス・８－２・普通・森林都市・広陵台児童公園前行,18,16
1787,西鉄バス,西鉄バス・８・普通・赤間駅南口行,21,14
1788,西鉄バス,西鉄バス・８－２・普通・森林都市－広陵台児童公園・日赤看護大学行,25,19
1796,西鉄バス,西鉄バス・２３・普通・西鉄筑豊・山野社宅行,38,25
1797,西鉄バス,西鉄バス・２３・普通・上三緒－鴨生・上山田行,47,35
1807,西鉄バス,西鉄バス・１０・普通・西鉄佐賀－警察署－西鉄久留米・ＪＲ久留米駅行,10,20
1808,西鉄バス,西鉄バス・４１・普通・中原－綾部－山浦・ＪＲ鳥栖駅行,7,18
1810,西鉄バス,西鉄バス・３・普通・諏訪野町・西鉄久留米行,1,6
1815,西鉄バス,西鉄バス・３・普通・西鉄久留米－諏訪野町－国分・青峰団地行,26,23
1816,西鉄バス,西鉄バス・３・普通・国分－諏訪野町－西鉄久留米－市役所・ＪＲ久留米駅行,24,20
1820,連絡バス,連絡バス・西鉄バス・エアポートバス・砂津行,1,8
1823,西鉄バス,西鉄バス・１・普通・千本杉・西鉄久留米行,4,11
1825,西鉄バス,西鉄バス・２・普通・野中・西鉄久留米行,13,10
1834,西鉄バス,西鉄バス・８・普通・西鉄久留米－市役所大学病院・高専方面行,30,25
1848,西鉄バス,西鉄バス・２・普通・通町－大牟田駅－右京町－四ツ山・荒尾駅行,38,33
1849,西鉄バス,西鉄バス・４・普通・高泉団地－通町－大牟田駅－天領橋・荒尾駅行,29,23
1852,西鉄バス,西鉄バス・４８・普通・西鉄久留米行,20,21
1853,西鉄バス,西鉄バス・４８・普通・信愛学院久留米行,12,14
1854,西鉄バス,西鉄バス・７０・普通・門司港レトロ－海岸・田野浦行,18,25
1855,西鉄バス,西鉄バス・７０・普通・門司駅－原町－魚町－中井口・戸畑渡場行,1,2
1860,西鉄バス,西鉄バス・７４・普通・魚町－原町－門司駅門司港駅－レトロ・和布刈行,19,33
1866,西鉄バス,西鉄バス・１７５・普通・大久保越・田野浦行,1,8
1867,西鉄バス,西鉄バス・１７０・普通・門司港レトロ－海岸・田野浦行,4,7
1868,西鉄バス,西鉄バス・７７・普通・青葉車庫行,30,44
1870,西鉄バス,西鉄バス・１７５・普通・大門行,17,20
1871,西鉄バス,西鉄バス・１７０・普通・門司港レトロ－都高－砂津－魚町・大門行,9,15
1872,西鉄バス,西鉄バス・２２・普通・西鉄黒崎ＢＣ行,9,16
188,西鉄バス,西鉄バス・７・普通・六本松－今泉・天神行,20,23
1885,西鉄バス,西鉄バス・１・普通・工大前－戸畑区役所・ＪＲ戸畑駅行,21,33
1886,西鉄バス,西鉄バス・２・普通・牧山－沖台通り－戸畑駅・戸畑営行,15,19
1888,西鉄バス,西鉄バス・９３・普通・霧丘三行,23,31
1890,西鉄バス,西鉄バス・９３・普通・中原－魚町－営団入口－広寿山・サンリブシティ小倉行,25,32
1891,西鉄バス,西鉄バス・９３・普通・霧丘三行,25,34
1892,西鉄バス,西鉄バス・５・普通・戸畑区役所－中原－魚町－営団入口・湯川新町三行,3,10
1893,西鉄バス,西鉄バス・９３・普通・広寿山－営団入口－魚町－中原・ＪＲ戸畑駅行,14,42
1898,西鉄バス,西鉄バス・８２・普通・引野方面行,19,19
1907,西鉄バス,西鉄バス・４０・普通・馬場－引野口－黒崎－平野一・製鉄飛幡門行,14,49
1908,西鉄バス,西鉄バス・４０・普通・鞘ケ谷－浅生通－戸畑駅・製鉄飛幡門行,5,12
191,西鉄バス,西鉄バス・７・普通・姪浜駅南口行,10,20
1916,西鉄バス,西鉄バス・７５・普通・香月営行,53,51
1919,西鉄バス,西鉄バス・５０・普通・茶屋の原団地・香月営行,3,6
1921,西鉄バス,西鉄バス・７５・普通・国道東曲里町－ふれあい通り・西鉄黒崎ＢＣ行,9,37
1922,西鉄バス,西鉄バス・７５・普通・国道東曲里町－ふれあい通り・西鉄黒崎ＢＣ行,41,54
1930,西鉄バス,西鉄バス・９５・普通・社ノ木二－門司駅－門司港駅－山手・田野浦行,40,46
1936,西鉄バス,西鉄バス・８３・普通・社ノ木二－魚町竪町－井堀・ＪＲ戸畑駅行,45,50
1940,西鉄バス,西鉄バス・４７・普通・緑ケ丘中－門司駅－桜ケ丘・恒見営行,59,40
1956,西鉄バス,西鉄バス・４５・普通・江見－原の町－佐賀駅ＢＣ・佐賀第二合同庁舎行,3,3
196,西鉄バス,西鉄バス・２０３・普通・室住団地－原－六本松－国体道路・天神・博多駅行,23,24
1961,西鉄バス,西鉄バス・５０・普通・羽犬塚・船小屋行,46,41
1962,西鉄バス,西鉄バス・５０・普通・羽犬塚・筑後船小屋駅行,50,44
1963,西鉄バス,西鉄バス・３１・普通・福島・八女営行,27,25
1965,西鉄バス,西鉄バス・３１・普通・福島・八女営行,40,33
1967,西鉄バス,西鉄バス・２５・普通・善院行,23,24
1968,西鉄バス,西鉄バス・２５・普通・草野－善院－田主丸・上原行,36,35
1977,西鉄バス,西鉄バス・６７・普通・中鶴北部－岩瀬東町・筑鉄中間駅行,9,11
1979,西鉄バス,西鉄バス・６７・普通・ＪＲ中間駅－中鶴北部・香月営行,32,32
1980,西鉄バス,西鉄バス・６１・普通・筑鉄中間－弥生・香月営行,16,23
1983,西鉄バス,西鉄バス・１・普通・中原－大川橋－南佐賀・ＪＲ佐賀駅行,26,17
1984,西鉄バス,西鉄バス・１・普通・西鉄柳川駅行,4,14
200,西鉄バス,西鉄バス・５・普通・住吉・博多駅行,1,2
2000,西鉄バス,西鉄バス・３・普通・明治通－天神－西新・星の原団地行,16,22
2018,西鉄バス,西鉄バス・２１・普通・雁の巣ＲＣ行,18,33
202,西鉄バス,西鉄バス・２０２・普通・原－室見団地・原北中前行,2,27
2037,西鉄バス,西鉄バス・７４・普通・青洲会病院行,22,21
2048,西鉄バス,西鉄バス・外環・普通・横手小前－大橋一・西鉄大橋駅行,43,28
2050,西鉄バス,西鉄バス・３・普通・ネオポリス－くりえいと・赤間営行,7,7
2058,西鉄バス,西鉄バス・７・普通・太刀浦埠頭入口行,5,5
207,西鉄バス,西鉄バス・５０３・普通・室住団地－室見団地－愛宕ＲＰ・天神・博多駅行,23,24
2094,西鉄バス,西鉄バス・１４０・普通・福大病院－金山団地－美術館・天神行,18,22
2098,西鉄バス,西鉄バス・１５１・普通・野間四角－清水町－渡辺通一・天神行,3,16
2110,西鉄バス,西鉄バス・６０・普通・清水町－きよみ通－山王一・博多駅筑紫口行,3,14
2111,西鉄バス,西鉄バス・４８－１・普通・竹下駅西口－大橋・老司団地行,14,25
2112,西鉄バス,西鉄バス・４８・普通・大橋－竹下駅西口－駅４－博多駅・博多埠頭行,12,28
2152,西鉄バス,西鉄バス・１・普通・道の駅むなかた・神湊波止場行,2,3
2153,西鉄バス,西鉄バス・１・普通・道の駅むなかた－宗像大社・ＪＲ東郷駅行,1,2
2239,西鉄バス,西鉄バス・４・普通・千早駅－石堂大橋－昭和通－天神・福岡タワー行,30,28
2240,西鉄バス,西鉄バス・４・普通・名島駅－昭和通－石堂大橋・天神行,2,12
2254,西鉄バス,西鉄バス・４３・普通・福岡空港国内線南行,16,20
2257,西鉄バス,西鉄バス・６０・普通・大橋駅行,13,14
2258,西鉄バス,西鉄バス・６０・普通・大橋－片縄・那珂川営行,4,6
2259,西鉄バス,西鉄バス・２・普通・筵内－サンコスモ・ＪＲ古賀駅行,27,22
2260,西鉄バス,西鉄バス・６・普通・古賀駅東口－市役所－工業団地・グリーンパーク古賀行,27,34
2263,西鉄バス,西鉄バス・６・普通・ししぶ駅東口－古賀駅東口・舞の里行,21,33
2295,西鉄バス,西鉄バス・７０・普通・原町－門司駅－門司港レトロ－海岸・田野浦行,25,35
2304,西鉄バス,西鉄バス・２－９・普通・賀茂駅行,13,16
2306,西鉄バス,西鉄バス・２－９・普通・原・賀茂駅行,11,13
231,西鉄バス,西鉄バス・２・普通・四箇田団地行,19,22
2312,西鉄バス,西鉄バス・６・普通・北間－一ツ木団地・早津江行,36,28
2315,西鉄バス,西鉄バス・１２・普通・守恒駅－岩鼻－長行台・中谷行,19,37
232,西鉄バス,西鉄バス・２・普通・次郎丸・四箇田団地行,4,12
2322,西鉄バス,西鉄バス・２１・普通・三萩野－今町－蒲生－南方三－長行台・中谷行,8,23
2323,西鉄バス,西鉄バス・２１・普通・今町－北方－北九州市立大学前・恵里・守恒行,6,19
2324,西鉄バス,西鉄バス・２１・普通・三萩野－小倉駅ＢＣ・砂津行,14,20
2327,西鉄バス,西鉄バス・５・普通・弓田町・板付七行,14,11
234,西鉄バス,西鉄バス・３０６・普通・ペイペイドーム－都高－呉服町ランプ・博多駅行,1,7
2347,西鉄バス,西鉄バス・Ｗ１・普通・ペイペイドーム－福岡タワー・藤崎行,1,11
2352,西鉄バス,西鉄バス・７・普通・国体道路－六本松－昭代・姪浜駅南口行,3,22
2353,西鉄バス,西鉄バス・Ｋ・急行・福重ＲＰ－都高－渡辺通一・天神・博多駅行,17,20
2360,西鉄バス,西鉄バス・１３８・普通・弥生が丘営行,40,35
2364,西鉄バス,西鉄バス・３８・普通・長野・下曽根駅南口行,33,34
2365,西鉄バス,西鉄バス・３８－１・普通・弥生が丘営行,16,38
2369,西鉄バス,西鉄バス・３５・普通・農事Ｃ・舞ケ丘団地行,20,24
2376,西鉄バス,西鉄バス・３・普通・明治通・天神・博多駅行,3,10
2378,西鉄バス,西鉄バス・普通・柏原営行,4,6
2417,西鉄バス,西鉄バス・４・普通・老司団地－今立・那珂川営行,2,20
2418,西鉄バス,西鉄バス・普通・西鉄太宰府駅行,2,3
2423,西鉄バス,西鉄バス・６２・普通・片縄・那珂川営行,9,13
2424,西鉄バス,西鉄バス・６２・普通・片縄・大橋駅行,3,5
2425,西鉄バス,西鉄バス・６２・普通・大橋駅行,30,23
2426,西鉄バス,西鉄バス・６２－１・普通・博多南駅・ＣＨ那珂川行,2,8
2427,西鉄バス,西鉄バス・４９・普通・大橋駅行,31,18
2428,西鉄バス,西鉄バス・３・普通・片縄・大橋駅行,9,18
243,西鉄バス,西鉄バス・２－３・普通・西新－室住団地－橋本・野方行,6,15
2430,西鉄バス,西鉄バス・Ｗ４・普通・天神・呉服町行,27,48
2432,西鉄バス,西鉄バス・６２０・普通・片縄－野多目ランプ－都高－明治通・天神行,3,39
2439,西鉄バス,西鉄バス・１５・普通・ＪＲ久留米駅行,45,44
2454,西鉄バス,西鉄バス・快速・引野口－下上津役－馬場山・星ケ丘五行,18,24
2467,西鉄バス,西鉄バス・Ｗ１・普通・天神・大橋駅行,11,25
2472,西鉄バス,西鉄バス・Ｗ３・普通・天神－清水町・大橋駅行,10,18
2483,西鉄バス,西鉄バス・８・普通・イオンモール大牟田行,2,3
2484,西鉄バス,西鉄バス・８・普通・霧丘三行,4,7
2488,西鉄バス,西鉄バス・２０・普通・六本松－薬院－天神－石城町・西鉄貝塚駅行,32,39
2489,西鉄バス,西鉄バス・２０・普通・天神行,15,17
2517,西鉄バス,西鉄バス・２・普通・室住団地－藤崎－西新－昭和通・天神行,16,27
2518,西鉄バス,西鉄バス・２・普通・藤崎－西新－昭和通・天神行,6,18
2525,西鉄バス,西鉄バス・３０６・普通・次郎丸・藤崎・四箇田団地行,1,6
2526,西鉄バス,西鉄バス・３０６・普通・ドーム－田隈新町・藤崎・四箇田団地行,1,7
2529,西鉄バス,西鉄バス・３０６・普通・福岡タワー・藤崎行,6,9
2533,西鉄バス,西鉄バス・１９・普通・四箇田団地行,10,17
2534,西鉄バス,西鉄バス・１９・普通・博多駅－薬院－次郎丸・四箇田団地行,3,6
2539,西鉄バス,西鉄バス・２００・普通・早良営行,7,14
2547,西鉄バス,西鉄バス・３・普通・西油山Ｈ行,15,29
2560,西鉄バス,西鉄バス・急行・イオン福津－都高－昭和通・天神行,22,24
2564,西鉄バス,西鉄バス・急行・産大南口－森林都市・赤間営行,18,24
2567,西鉄バス,西鉄バス・急行・産大南口－森林都市・広陵台中央公園前行,6,7
2570,西鉄バス,西鉄バス・急行・産大南口－森林都市・青葉台入口行,17,30
2571,西鉄バス,西鉄バス・急行・昭和通・天神行,3,15
2580,西鉄バス,西鉄バス・２９・普通・ＩＣ照葉行,39,36
2586,西鉄バス,西鉄バス・１・普通・勝馬行,18,15
2587,西鉄バス,西鉄バス・２２Ｎ・普通・ＩＣ照葉行,16,21
2605,西鉄バス,西鉄バス・１・普通・ＩＣ照葉行,9,10
2631,西鉄バス,西鉄バス・６６・普通・新入・直方行,58,47
265,西鉄バス,西鉄バス・２－３・普通・室住団地行,5,8
2654,西鉄バス,西鉄バス・１・普通・橋本駅－野方－橋本－新室見・姪浜駅南口行,20,26
266,西鉄バス,西鉄バス・２０１・普通・六本松－国体道路・天神・博多駅行,5,13
2666,西鉄バス,西鉄バス・２３・普通・三萩野－小倉駅ＢＣ・砂津行,40,38
2667,西鉄バス,西鉄バス・２６・普通・歯大前－三萩野－小倉駅ＢＣ・砂津行,6,10
2674,西鉄バス,西鉄バス・１０・普通・吉田団地・恒見営行,45,36
2675,西鉄バス,西鉄バス・１４・普通・下吉田団地第一行,4,4
2676,西鉄バス,西鉄バス・１５・普通・沼団地－沼小前・四季彩の丘第５行,11,15
2678,西鉄バス,西鉄バス・１１０・普通・中吉田－吉田団地・恒見営行,19,32
268,西鉄バス,西鉄バス・２０１・普通・四箇田団地行,7,15
2683,西鉄バス,西鉄バス・６７・普通・筑鉄中間駅行,29,28
2697,西鉄バス,西鉄バス・５４・普通・スピナラソリエ高見店行,14,11
27,西鉄バス,西鉄バス・４０・普通・弥生小前・板付七行,9,14
2704,西鉄バス,西鉄バス・７２・普通・門司駅－原町－魚町・青葉車庫行,24,35
2705,西鉄バス,西鉄バス・６・普通・北方－徳力団地南・中谷行,32,46
2726,西鉄バス,西鉄バス・１５１・普通・野間－皿山自動車免許試験場・桧原営行,3,15
2727,西鉄バス,西鉄バス・１５２・普通・松本池・桧原営行,3,4
2729,西鉄バス,西鉄バス・Ｗ１・普通・都高－ペイペイドーム・福岡タワー行,2,7
2731,西鉄バス,西鉄バス・Ｗ１・普通・天神－都高－西公園ＲＰ・福岡タワー行,12,24
2732,西鉄バス,西鉄バス・Ｗ１・普通・都高－ペイペイドーム・福岡タワー行,2,7
2737,西鉄バス,西鉄バス・５９・普通・小笹・柏原営行,13,21
2738,西鉄バス,西鉄バス・５４－１・普通・小笹－山荘通－平尾・天神行,28,34
275,西鉄バス,西鉄バス・２０１・普通・次郎丸－六本松－国体道路・天神・博多駅行,28,33
2754,西鉄バス,西鉄バス・７２・普通・原町－門司駅－門司港駅－レトロ・田野浦行,12,14
2756,西鉄バス,西鉄バス・１５０・普通・引野口－沖田－大平・筑鉄香月行,7,14
2758,西鉄バス,西鉄バス・４１・普通・馬場－引野口－黒崎－平野一・ジアウトレット北九州行,44,45
2759,西鉄バス,西鉄バス・４０・普通・香月営行,29,37
2762,西鉄バス,西鉄バス・４０・普通・中央町－平野一市立八幡病院・ＪＲ八幡駅行,43,36
2777,西鉄バス,西鉄バス・９８・普通・マリナ・能古渡船場行,8,13
2789,西鉄バス,西鉄バス・２０６・普通・西陵高・野方行,14,28
2790,西鉄バス,西鉄バス・２０６・普通・原－六本松－国体道路・天神行,4,11
2793,西鉄バス,西鉄バス・２・普通・田隈新町－病院構内乗入・歯科大病院行,13,16
2794,西鉄バス,西鉄バス・２・普通・藤崎－西新－昭和通・天神行,1,4
2795,西鉄バス,西鉄バス・２・普通・南金武・金武車庫行,13,19
2797,西鉄バス,西鉄バス・２・普通・次郎丸－四箇田団地－南金武・金武車庫行,1,6
2801,西鉄バス,西鉄バス・３０６・普通・次郎丸・金武車庫行,1,6
2806,西鉄バス,西鉄バス・２・普通・田隈新町－藤崎－西新－昭和通・天神行,16,20
2811,西鉄バス,西鉄バス・１９・普通・中央埠頭行,19,20
2818,西鉄バス,西鉄バス・１４０・普通・福大病院行,13,16
2819,西鉄バス,西鉄バス・２６Ａ・普通・福間・光陽台六行,49,36
2821,西鉄バス,西鉄バス・急行・昭和通・天神行,29,17
2824,西鉄バス,西鉄バス・急行・産大南－高美台－ＩＫＥＡ－新宮中央駅・新宮中央駅東ＩＫＥＡ行,4,17
2838,西鉄バス,西鉄バス・２７・普通・製鉄飛幡門行,27,32
2851,西鉄バス,西鉄バス・８０・普通・中央埠頭・クルーズＣ行,6,12
2852,西鉄バス,西鉄バス・１５１・普通・皿山－自動車免許試験場・柏原営行,14,27
2860,西鉄バス,西鉄バス・３２・普通・川瀬－福島・八女営行,29,28
2862,西鉄バス,西鉄バス・ＢＲＴ・快速・天神－国際会議場前マリンメッセ前・中央埠頭行,14,11
2873,西鉄バス,西鉄バス・１７・普通・六本松－薬院・博多駅行,5,21
2875,西鉄バス,西鉄バス・３・普通・西新－早良高・脇山小前行,10,22
2879,西鉄バス,西鉄バス・３・普通・荒江－野芥－早良高・脇山小前行,32,36
2882,西鉄バス,西鉄バス・２７・普通・製鉄飛幡門行,26,31
2887,西鉄バス,西鉄バス・２９Ｎ・普通・名島ランプ－城浜団地－南公園・ＩＣ照葉行,1,2
2906,西鉄バス,西鉄バス・５・普通・新生・佐谷行,10,21
2911,西鉄バス,西鉄バス・４５・普通・昇町－井尻駅－諸岡－山王・博多駅行,2,17
2912,西鉄バス,西鉄バス・４５・普通・諸岡－山王・博多駅行,3,18
2913,西鉄バス,西鉄バス・４４・普通・諸岡－山王・博多駅行,7,17
2914,西鉄バス,西鉄バス・４５・普通・女学院－井尻駅－諸岡－山王・博多駅行,6,19
2919,西鉄バス,西鉄バス・４６・普通・竹下－博多駅－キャナル－天神・天神行,2,5
2920,西鉄バス,西鉄バス・４６・普通・宮竹・福岡徳洲会病院行,14,14
2928,西鉄バス,西鉄バス・６６・普通・百年橋・博多駅行,5,11
2929,西鉄バス,西鉄バス・６６・普通・中尾二・国立福岡病院行,13,22
293,西鉄バス,西鉄バス・１９・普通・六本松－薬院－博多駅・中央埠頭行,6,15
2945,西鉄バス,西鉄バス・５・普通・Ｔジョイ方面・ゆめタウン方面行,8,6
2962,西鉄バス,西鉄バス・１－５・普通・中村－拾六町団地・野方行,1,8
2967,西鉄バス,西鉄バス・１－４・普通・外環状－西体育館－橋本駅・野方行,28,16
2972,西鉄バス,西鉄バス・２－３・普通・西鉄二日市駅行,15,13
2988,西鉄バス,西鉄バス・２５・普通・千本杉・西鉄久留米行,8,16
2991,西鉄バス,西鉄バス・３７・普通・月隈団地－福岡空港前－空港通・博多駅行,24,27
2994,西鉄バス,西鉄バス・２０４・普通・橋本－原－六本松－国体道路・天神・博多駅行,2,6
2995,西鉄バス,西鉄バス・５０６・普通・生松台団地・野方行,15,26
2998,西鉄バス,西鉄バス・２１４・普通・原－六本松－薬院駅・博多駅行,18,26
3002,西鉄バス,西鉄バス・３・普通・椎原行,22,20
3004,西鉄バス,西鉄バス・１４０・普通・茶山－六本松－美術館－明治通り・天神行,3,4
3008,西鉄バス,西鉄バス・無番・普通・野芥・西油山Ｈ行,6,6
3017,西鉄バス,西鉄バス・普通・長丘高宮循環バス・西鉄高宮駅東口行,34,23
3028,西鉄バス,西鉄バス・普通・西鉄高宮駅東口行,10,19
3029,西鉄バス,西鉄バス・普通・西鉄高宮駅東口行,3,4
3031,西鉄バス,西鉄バス・６・普通・西町・西鉄久留米行,13,11
3033,西鉄バス,西鉄バス・２・普通・通町－神田脇・三池中町行,1,7
3039,西鉄バス,西鉄バス・１－６・普通・生松台団地・野方行,26,24
3049,西鉄バス,西鉄バス・８・普通・従業員入口側－運行・イオンモール大牟田行,1,3
3053,西鉄バス,西鉄バス・２０・普通・千本杉・西鉄久留米行,8,33
3059,西鉄バス,西鉄バス・５５・普通・西鉄久留米－市役所前・ＪＲ久留米駅行,27,37
3068,西鉄バス,西鉄バス・９１・普通・中井口－戸畑駅－中央二－西本町・西鉄黒崎ＢＣ行,65,55
3070,西鉄バス,西鉄バス・普通・長丘高宮循環バス・下長尾行,5,10
3075,西鉄バス,西鉄バス・２３・普通・大蔵・高美台行,23,33
3080,西鉄バス,西鉄バス・２１Ｂ・普通・奈多－雁の巣－ＩＣ・天神行,8,11
3101,西鉄バス,西鉄バス・２５・普通・庄山行,25,22
3102,西鉄バス,西鉄バス・５５－１・普通・通町－大牟田駅－市立病院－動物園前・西鉄大牟田営行,49,34
3104,西鉄バス,西鉄バス・７７・普通・トリアス久山行,9,22
3105,西鉄バス,西鉄バス・２７０・普通・トリアス久山行,20,27
3108,西鉄バス,西鉄バス・１－１・普通・西鉄二日市駅行,27,18
3112,西鉄バス,西鉄バス・２・普通・天神三行,1,3
3113,西鉄バス,西鉄バス・１５２・普通・野間四角－清水町－渡辺通一・天神行,1,2
3117,西鉄バス,西鉄バス・５５・普通・松本池・桧原営行,5,23
3118,西鉄バス,西鉄バス・５５・普通・長住六行,19,25
312,西鉄バス,西鉄バス・２００・普通・国体道路－六本松－飯倉－野芥・さわら台団地行,7,16
3122,西鉄バス,西鉄バス・２２Ｎ・普通・香椎照葉Ｃマークス前行,2,8
3123,西鉄バス,西鉄バス・４７－１・特快・大橋－老司－片縄・那珂川営行,3,9
3130,西鉄バス,西鉄バス・２７・普通・桂川駅－嘉穂総合高・西鉄大隈行,36,35
3131,西鉄バス,西鉄バス・２７・普通・碓井桂川役場－桂川駅・飯塚ＢＴ行,44,41
3132,西鉄バス,西鉄バス・８・普通・八丁牟田－水田天満宮恋木神社前・羽犬塚駅西口行,47,34
3133,西鉄バス,西鉄バス・１２・普通・漆生・西鉄大隈行,35,33
3134,西鉄バス,西鉄バス・１２・普通・飯塚－新飯塚・西鉄飯塚営行,2,12
3136,西鉄バス,西鉄バス・１２・普通・山野－稲築才田・西鉄大隈行,16,22
3137,西鉄バス,西鉄バス・２３・普通・善導寺－田主丸駅・田主丸そよ風ホール行,43,36
3142,西鉄バス,西鉄バス・５２・普通・松本池・桧原営行,15,16
3145,西鉄バス,西鉄バス・１・普通・小竹－頴田支所・赤池工業団地行,31,27
3146,西鉄バス,西鉄バス・２２・普通・北野・今村天主堂行,35,30
3147,西鉄バス,西鉄バス・２１・普通・今村天主堂行,8,18
3150,西鉄バス,西鉄バス・普通・太宰府高行,17,11
317,西鉄バス,西鉄バス・２００・快速・六本松－国体道路・天神・博多駅行,5,17
3170,西鉄バス,西鉄バス・２０・普通・吉井営行,12,16
3171,西鉄バス,西鉄バス・２０・普通・西鉄久留米－荘島・ＪＲ久留米駅行,15,20
3172,西鉄バス,西鉄バス・２０－２・普通・千本杉－善導寺・ローソン常持店前行,8,22
3191,西鉄バス,西鉄バス・９６・普通・西新・藤崎行,23,32
3194,西鉄バス,西鉄バス・急行・大里ＲＰ－都高富野小・小倉駅ＢＣ行,14,17
3209,西鉄バス,西鉄バス・４２・普通・西鉄大橋駅行,7,14
3210,西鉄バス,西鉄バス・４２・普通・西鉄大橋駅行,7,11
3215,西鉄バス,西鉄バス・４０・普通・戸畑区役所－浅生通－戸畑駅・製鉄飛幡門行,27,29
3217,西鉄バス,西鉄バス・９２・普通・中原－魚町・砂津行,12,12
3218,西鉄バス,西鉄バス・７・普通・七条－下到津－竪町－魚町・砂津行,14,14
323,西鉄バス,西鉄バス・普通・早良営行,4,4
3231,西鉄バス,西鉄バス・２・普通・野中・西鉄久留米行,12,12
3245,西鉄バス,西鉄バス・９２・普通・営団入口－富野小・大谷池行,28,28
3248,西鉄バス,西鉄バス・特快・連節バス・砂津行,7,10
3250,西鉄バス,西鉄バス・７・普通・西鉄筑豊・直方行,1,18
3253,西鉄バス,西鉄バス・５１・普通・明治通・天神行,23,31
3254,西鉄バス,西鉄バス・５１・普通・明治通－天神－県庁・九大病院行,23,32
3255,西鉄バス,西鉄バス・５１・普通・柏原営行,7,21
3258,西鉄バス,西鉄バス・５１・普通・明治通－天神－県庁・吉塚営行,2,12
3267,西鉄バス,西鉄バス・特急・飯塚－堀池・天神行,12,17
3268,西鉄バス,西鉄バス・特急・福岡県立大学行,14,19
327,西鉄バス,西鉄バス・１７・普通・城南－渡辺通一・博多駅行,23,28
3270,西鉄バス,西鉄バス・特急・飯塚－新飯塚駅－烏尾トンネル・西鉄後藤寺行,20,13
3279,西鉄バス,西鉄バス・３・普通・明治坑行,41,37
3281,西鉄バス,西鉄バス・３・普通・愛宕団地・飯塚オートレース場行,41,33
3283,西鉄バス,西鉄バス・３・普通・イオン穂波－潤野・明星寺団地行,2,9
3291,西鉄バス,西鉄バス・２・普通・赤坂橋行,21,18
3292,西鉄バス,西鉄バス・２・普通・坂の下行,20,14
3293,西鉄バス,西鉄バス・２・普通・伊川温泉・新飯塚駅行,7,14
3297,西鉄バス,西鉄バス・２・普通・伊岐須－飯塚－新飯塚・西鉄飯塚営行,11,15
3299,西鉄バス,西鉄バス・２・普通・飯塚－九工大・西相田行,6,18
330,西鉄バス,西鉄バス・１７・普通・早良営行,10,23
3300,西鉄バス,西鉄バス・２・普通・飯塚－新飯塚・西鉄飯塚営行,10,15
3301,西鉄バス,西鉄バス・２・普通・西相田行,4,11
3303,西鉄バス,西鉄バス・２・普通・飯塚－九工大・西相田行,25,18
3304,西鉄バス,西鉄バス・６８・普通・西鉄筑豊・ＪＲ遠賀川駅行,48,44
3306,西鉄バス,西鉄バス・５５・普通・スピナラソリエ高見店行,14,10
3307,西鉄バス,西鉄バス・７７・普通・産業医大－折尾駅－則松－下上津役・香月営行,23,29
3308,西鉄バス,西鉄バス・７７・普通・産業医大－折尾駅－則松－下上津役・小嶺車庫行,24,27
3309,西鉄バス,西鉄バス・７７・普通・香月営行,8,15
331,西鉄バス,西鉄バス・１７・普通・六本松－薬院・博多駅行,11,26
3310,西鉄バス,西鉄バス・７７・普通・折尾駅西口－則松－三ケ森－下上津役・小嶺車庫行,7,11
3315,西鉄バス,西鉄バス・８０・普通・本城西団地・学研都市ひびきの行,26,19
3316,西鉄バス,西鉄バス・８２・普通・八幡西郵便局－萩原小・引野方面行,27,35
3317,西鉄バス,西鉄バス・８０・普通・本城西団地・学研都市ひびきの行,41,38
3324,西鉄バス,西鉄バス・７・普通・大橋駅行,7,9
3325,西鉄バス,西鉄バス・４－１・普通・宇美営行,25,20
3335,西鉄バス,西鉄バス・２・普通・牧山－沖台通り・ＪＲ戸畑駅行,15,19
3343,西鉄バス,西鉄バス・１・普通・上貫－貫小－津田第二・下曽根駅南口行,10,12
3344,西鉄バス,西鉄バス・１・普通・弥生が丘営行,23,20
3350,西鉄バス,西鉄バス・３・普通・上横代－サンリブ・安部山公園行,8,6
3351,西鉄バス,西鉄バス・３・普通・湯川中前・安部山公園行,7,12
3352,西鉄バス,西鉄バス・３・普通・上横代－サンリブ－安部山公園・城野駅行,4,12
3353,西鉄バス,西鉄バス・３・普通・安部山公園－サンリブ－上横代・舞ケ丘団地行,23,19
3356,西鉄バス,西鉄バス・１０・特快・連節バス－沼小前・恒見営行,13,15
3359,西鉄バス,西鉄バス・３４・普通・北方－山手一・志徳団地北行,18,19
3370,西鉄バス,西鉄バス・７４・普通・筑鉄中間－弥生－大辻・香月営行,7,19
3372,西鉄バス,西鉄バス・７４－１・普通・則松－泉ケ浦－永犬丸西・香月営行,18,34
3375,西鉄バス,西鉄バス・７４－１・普通・則松－皇后崎・西鉄黒崎ＢＣ行,13,31
3377,西鉄バス,西鉄バス・７４－１・普通・則松－泉ケ浦－養福寺・引野口行,35,39
3380,西鉄バス,西鉄バス・普通・ふれあい通り・西鉄黒崎ＢＣ行,3,2
3382,西鉄バス,西鉄バス・７４－１・普通・則松－皇后崎・西鉄黒崎ＢＣ行,20,22
3386,西鉄バス,西鉄バス・７３・普通・花尾町－祇園三・ＪＲ八幡駅行,31,27
3388,西鉄バス,西鉄バス・１９・普通・下曽根駅北口－寺迫口・九州労災病院行,40,29
3389,西鉄バス,西鉄バス・特急・香春町役場行,29,31
3392,西鉄バス,西鉄バス・１－２・普通・光陽台六行,17,17
3394,西鉄バス,西鉄バス・１－２・普通・福間海岸－東町・津屋崎橋行,2,11
3396,西鉄バス,西鉄バス・１－１・普通・ＪＲ福間駅行,14,14
3399,西鉄バス,西鉄バス・１－１・普通・津屋崎橋行,13,10
3407,西鉄バス,西鉄バス・１・普通・徳力団地南－ハローデイ徳力・中谷行,1,5
3410,西鉄バス,西鉄バス・１・普通・中谷行,34,28
3427,西鉄バス,西鉄バス・普通・早良営行,4,5
3428,西鉄バス,西鉄バス・１２・普通・小倉南区役所方面行,16,19
3430,西鉄バス,西鉄バス・９０・普通・中央二－枝光駅－戸畑駅・若松駅行,34,39
3431,西鉄バス,西鉄バス・１４３・普通・三萩野－歯大前－松尾町－都高・香月営行,24,30
3433,西鉄バス,西鉄バス・４６・普通・松尾町－歯大前－三萩野－小倉駅ＢＣ・砂津行,6,9
3434,西鉄バス,西鉄バス・４３・普通・スピナラソリエ高見店行,9,26
3439,西鉄バス,西鉄バス・４５・普通・小倉記念病院行,3,24
3440,西鉄バス,西鉄バス・４５・普通・山田緑地行,4,9
3441,西鉄バス,西鉄バス・４５・普通・岩鼻－木町－ソレイユ－魚町・小倉駅ＢＣ行,33,37
3442,西鉄バス,西鉄バス・４５・普通・南方三－長行台・中谷行,44,38
3444,西鉄バス,西鉄バス・６０・普通・淡島神社－伊川・恒見営行,10,11
3445,西鉄バス,西鉄バス・２８・普通・南小倉駅－井堀－浅生通・ＪＲ戸畑駅行,1,6
3448,西鉄バス,西鉄バス・２７・普通・小倉駅ＢＣ－明和町－黒原－湯川新町三・舞ケ丘団地行,9,22
3449,西鉄バス,西鉄バス・２７・普通・ＪＲ戸畑駅行,7,23
3450,西鉄バス,西鉄バス・２７・普通・井堀－南小倉駅－ソレイユ・砂津行,6,12
3454,西鉄バス,西鉄バス・８・普通・室見団地・室住団地行,11,12
3455,西鉄バス,西鉄バス・２０３・普通・室住団地行,1,2
3456,西鉄バス,西鉄バス・６８・普通・博多駅行,1,4
3467,西鉄バス,西鉄バス・７３・普通・二又瀬・流通Ｃ公園前行,6,13
3470,西鉄バス,西鉄バス・１－７・普通・姪浜駅南口行,27,19
3478,西鉄バス,西鉄バス・普通・竹下・ららぽーと福岡行,3,2
3479,西鉄バス,西鉄バス・Ｌ・普通・ららぽーと福岡行,7,13
348,西鉄バス,西鉄バス・３・普通・陽光台行,29,42
3480,西鉄バス,西鉄バス・４４・普通・山王－博多駅－住吉・天神行,4,6
3483,西鉄バス,西鉄バス・Ｌ・普通・山王・ららぽーと福岡行,3,12
3484,西鉄バス,西鉄バス・４６・普通・宮竹・西鉄井尻駅行,10,17
3486,西鉄バス,西鉄バス・４６・普通・宮竹・西鉄井尻駅行,6,8
3487,西鉄バス,西鉄バス・６３・普通・淡島神社－伊川・柄杓田行,14,14
3488,西鉄バス,西鉄バス・６０・普通・淡島神社－伊川・恒見営行,23,21
3489,西鉄バス,西鉄バス・５６・普通・ジアウトレット北九州行,11,17
3490,西鉄バス,西鉄バス・６０・普通・恒見営行,1,2
3491,西鉄バス,西鉄バス・７４・普通・門司駅－原町－魚町・青葉車庫行,29,33
3492,西鉄バス,西鉄バス・６３・普通・竪町－魚町－原町－門司駅－大川橋・淡島神社前行,2,3
3493,西鉄バス,西鉄バス・７７・普通・ＪＲ門司駅行,15,26
3495,西鉄バス,西鉄バス・８３・普通・魚町－竪町－井堀－浅生通・ＪＲ戸畑駅行,4,7
3496,西鉄バス,西鉄バス・５４・普通・スピナラソリエ高見店行,16,11
3497,西鉄バス,西鉄バス・４４・普通・天籟寺－大谷通－大蔵・スピナラソリエ高見店行,30,24
35,西鉄バス,西鉄バス・１１・普通・薬院駅－六本松－中村高－昭代・藤崎行,13,19
3506,西鉄バス,西鉄バス・普通・国道陣の原－皇后崎・西鉄黒崎ＢＣ行,8,14
3509,西鉄バス,西鉄バス・５０・普通・茶屋の原団地・筑鉄香月行,23,17
351,西鉄バス,西鉄バス・３・普通・明治通－天神－西新・早良営行,32,42
3512,西鉄バス,西鉄バス・４・普通・曽根中－日豊団地・昭和池入口行,25,17
3513,西鉄バス,西鉄バス・４０Ｌ・普通・山王一－那珂五・板付七行,1,14
3515,西鉄バス,西鉄バス・４０Ｌ・普通・那珂五－山王・博多駅行,8,17
3516,西鉄バス,西鉄バス・４０・普通・弥生小前－山王・博多駅行,7,13
3517,西鉄バス,西鉄バス・３０１・普通・天神－住吉・博多駅行,10,17
3520,西鉄バス,西鉄バス・１４０・普通・茶山－六本松－美術館－明治通り・天神行,2,3
3530,西鉄バス,西鉄バス・１－２・普通・みなと香椎－こども病院－御幸町・千早駅行,4,6
3535,西鉄バス,西鉄バス・４６・普通・博多駅行,7,11
3536,西鉄バス,西鉄バス・９０・普通・博多埠頭行,12,16
3537,西鉄バス,西鉄バス・４６Ｌ・普通・ららぽーと福岡行,1,2
3543,西鉄バス,西鉄バス・１・普通・新室見－壱岐農協前－橋本・野方行,10,23
3545,西鉄バス,西鉄バス・１－５・普通・新室見－中村－拾六町団地・野方行,10,21
3546,西鉄バス,西鉄バス・１・普通・橋本駅・金武車庫行,5,10
3547,西鉄バス,西鉄バス・普通・イオン－ゆめタウン・まちなか循環行,21,9
3548,西鉄バス,西鉄バス・普通・イオン－ゆめタウンカホテラス・まちなか循環行,14,11
3552,西鉄バス,西鉄バス・７７・普通・三ケ森－則松－折尾駅・学研都市ひびきの行,11,15
3554,西鉄バス,西鉄バス・５７・普通・竹末・的場町・永犬丸方面行,30,27
3555,西鉄バス,西鉄バス・５７・普通・北筑高・永犬丸行,1,2
3556,西鉄バス,西鉄バス・２・普通・弥生が丘営行,19,16
3558,西鉄バス,西鉄バス・５・普通・沼団地－寺迫口－下曽根駅－労災病院・下曽根駅方面行,20,17
356,西鉄バス,西鉄バス・９３・普通・脇山口－荒江－野芥－早寿園・四箇田団地行,21,25
3560,西鉄バス,西鉄バス・７・普通・沼団地－寺迫口－下曽根駅－労災病院・下曽根駅方面行,27,21
3565,西鉄バス,西鉄バス・１０・普通・湯川－三萩野－小倉駅ＢＣ・砂津行,6,18
3567,西鉄バス,西鉄バス・２・普通・南金武・金武車庫行,3,10
3568,西鉄バス,西鉄バス・３０６・普通・次郎丸－都高－シーホーク通過・藤崎・博多駅行,10,14
3571,西鉄バス,西鉄バス・３０６・普通・医療Ｃ前－都高－シーホーク通過・藤崎・博多駅行,6,10
3572,西鉄バス,西鉄バス・３０６・普通・ペイペイドーム－都高－シーホーク通過・博多駅行,3,5
3573,西鉄バス,西鉄バス・Ｗ１・普通・天神－都高・福岡タワー行,1,3
3574,西鉄バス,西鉄バス・５・普通・住吉・博多駅行,2,4
3579,西鉄バス,西鉄バス・４７・普通・大橋－片縄・那珂川営行,12,28
358,西鉄バス,西鉄バス・３・普通・脇山口・早良営行,8,11
3580,西鉄バス,西鉄バス・９９・普通・石城町－国際Ｃ・博多埠頭行,48,39
3583,西鉄バス,西鉄バス・９－１・普通・西鉄久留米行,12,13
3586,西鉄バス,西鉄バス・９・普通・千本杉・西鉄久留米行,1,2
3588,西鉄バス,西鉄バス・９－１・普通・西鉄久留米行,14,27
3589,西鉄バス,西鉄バス・２５Ｉ・都高・ＩＣランプ－都高・天神行,13,12
3591,西鉄バス,西鉄バス・Ｗ１・普通・天神・大橋駅行,5,8
3592,西鉄バス,西鉄バス・６・普通・３号線－古賀駅東口東医療Ｃ・舞の里行,2,3
3593,西鉄バス,西鉄バス・６・普通・３号線－市役所・古賀駅東口行,2,3
3594,西鉄バス,西鉄バス・６・普通・東医療Ｃ－古賀駅東口－３号線・グリーンパーク古賀行,1,26
3597,西鉄バス,西鉄バス・３００・普通・天神－住吉・博多駅行,15,20
3602,西鉄バス,西鉄バス・７・普通・もちだんご村モール・永満寺行,29,21
3603,西鉄バス,西鉄バス・６・普通・北方－三萩野－平和通・砂津行,15,14
3604,西鉄バス,西鉄バス・４－１・普通・宇美駅・宇美営行,27,24
3606,西鉄バス,西鉄バス・普通・ＪＲ博多南駅行,2,3
3607,西鉄バス,西鉄バス・５０４・普通・壱岐農協前－橋本・野方行,1,7
3608,西鉄バス,西鉄バス・５２５・普通・中村－拾六町団地・野方行,7,14
3609,西鉄バス,西鉄バス・２０８・普通・原－有田－木の葉モール橋本前・野方行,7,18
3610,西鉄バス,西鉄バス・２０５・普通・福重－中村－拾六町団地・野方行,7,41
3615,西鉄バス,西鉄バス・５０５・普通・中村－拾六町団地・野方行,4,10
3616,西鉄バス,西鉄バス・５２６・普通・生松台団地・野方行,21,30
3617,西鉄バス,西鉄バス・３０６・普通・ペイペイドーム－都高－シーホーク通過・博多駅行,1,2
3627,西鉄バス,西鉄バス・２５Ｂ・普通・香椎浜ランプ・天神行,17,19
3629,西鉄バス,西鉄バス・２２Ｂ・普通・病院－都高－昭和通・天神行,7,13
3632,西鉄バス,西鉄バス・２３Ｎ・普通・下原行,34,31
3640,西鉄バス,西鉄バス・普通・牧の鼻・香椎花園行,13,11
3643,西鉄バス,西鉄バス・２２Ｎ・普通・香椎参道－八田団地・土井営行,5,17
3644,西鉄バス,西鉄バス・４－１・普通・箱崎ふ頭－名島駅－千早駅－八田団地・土井営行,9,8
3647,西鉄バス,西鉄バス・２・普通・千早駅－香椎浜南公園・香椎照葉五行,21,14
3649,西鉄バス,西鉄バス・４－１・普通・名島駅－箱崎ふ頭昭和通・天神行,24,37
3653,西鉄バス,西鉄バス・２８・普通・青葉台口－香椎参道名島－昭和通－天神・大濠公園行,18,31
3658,西鉄バス,西鉄バス・２２・普通・西鉄二日市駅行,11,9
3660,西鉄バス,西鉄バス・３・普通・東医療Ｃ－古賀駅－青柳四ツ角・薦野行,29,37
3662,西鉄バス,西鉄バス・快速・北九州空港行,2,2
3663,西鉄バス,西鉄バス・５１・普通・北九州臨空産業団地・北九州空港行,10,7
3667,西鉄バス,西鉄バス・直行・博多駅行,3,2
3669,西鉄バス,西鉄バス・普通・博多駅行,3,3
3676,西鉄バス,西鉄バス・１－２・普通・福間海岸－東町・津屋崎橋行,18,15
368,西鉄バス,西鉄バス・３・普通・陽光台行,4,3
37,西鉄バス,西鉄バス・１１・普通・博多駅－薬院駅－六本松－昭代・藤崎行,16,26
387,西鉄バス,西鉄バス・３・普通・西新－明治通・天神・博多駅行,6,4
390,西鉄バス,西鉄バス・３・普通・脇山口－西南中高前・福岡タワー行,7,6
40,西鉄バス,西鉄バス・３１２・普通・医師会館－百道ＲＰ都高－呉服町ＲＰ・博多駅行,8,12
402,西鉄バス,西鉄バス・９５・普通・福大病院・片江営行,10,13
43,西鉄バス,西鉄バス・３００・普通・博物館南口－名柄団地・能古渡船場行,7,13
430,西鉄バス,西鉄バス・１６・普通・城南－渡辺通一・博多駅行,18,26
437,西鉄バス,西鉄バス・６４・普通・長住－野間－百年橋・博多駅行,8,27
438,西鉄バス,西鉄バス・６４・普通・野間－百年橋・博多駅行,12,26
439,西鉄バス,西鉄バス・６４・普通・油山団地・福大病院行,15,22
44,西鉄バス,西鉄バス・３０１・普通・天神－住吉・博多駅行,13,24
440,西鉄バス,西鉄バス・６４・普通・百年橋－野間－長住・片江営行,7,13
442,西鉄バス,西鉄バス・９４・普通・城南区役所－鳥飼－西新・福岡タワー行,20,19
460,西鉄バス,西鉄バス・５８・普通・桧原営行,41,26
467,西鉄バス,西鉄バス・１５２・普通・長住－松本池・桧原営行,7,13
469,西鉄バス,西鉄バス・１５１・普通・柏原営行,1,2
472,西鉄バス,西鉄バス・１５２・普通・天神－清水町－野間－長住・桧原営行,6,10
473,西鉄バス,西鉄バス・８０・普通・中央埠頭行,4,5
483,西鉄バス,西鉄バス・５７・普通・赤坂門－天神・博多駅行,9,16
485,西鉄バス,西鉄バス・５６・普通・明治通－天神－赤坂門－動物園－小笹・桧原営行,12,18
486,西鉄バス,西鉄バス・５６・普通・動物園－赤坂門・天神行,1,2
487,西鉄バス,西鉄バス・５６・普通・柏原営行,16,26
488,西鉄バス,西鉄バス・５６・普通・赤坂門・天神行,5,12
489,西鉄バス,西鉄バス・５７・普通・明治通－天神－赤坂門－桜坂－小笹・柏原営行,30,31
502,西鉄バス,西鉄バス・５７・普通・桧原営行,1,2
504,西鉄バス,西鉄バス・５６・普通・動物園前－小笹・柏原営行,16,24
505,西鉄バス,西鉄バス・５７・普通・柏原営行,2,4
509,西鉄バス,西鉄バス・１３・普通・博多駅行,30,39
511,西鉄バス,西鉄バス・１・普通・吉塚営行,10,19
512,西鉄バス,西鉄バス・１３・普通・六本松－観光道路－南片江・片江営行,27,34
513,西鉄バス,西鉄バス・１３・普通・美術館・天神行,2,4
520,西鉄バス,西鉄バス・１３・普通・六本松－観光道路・桧原営行,8,10
521,西鉄バス,西鉄バス・１３・普通・油山団地－南片江・片江営行,1,8
523,西鉄バス,西鉄バス・６７・普通・野間－百年橋・博多駅行,3,5
524,西鉄バス,西鉄バス・６７・普通・長住－野間－百年橋・博多駅行,3,9
525,西鉄バス,西鉄バス・６５・普通・那の川－渡辺通一－住吉・博多駅行,3,7
527,西鉄バス,西鉄バス・６７・普通・百年橋－野間－長住・柏原営行,3,7
528,西鉄バス,西鉄バス・６５・普通・自動車免許試験場・桧原営行,10,14
529,西鉄バス,西鉄バス・６９・普通・百年橋・博多駅行,14,22
53,西鉄バス,西鉄バス・５・普通・住吉・博多駅行,15,25
530,西鉄バス,西鉄バス・６９－１・普通・百年橋・博多駅行,12,20
532,西鉄バス,西鉄バス・６９・普通・小笹・桧原営行,13,22
534,西鉄バス,西鉄バス・６９－１・普通・藤崎行,8,28
535,西鉄バス,西鉄バス・５５・普通・寺塚－平和一・天神行,8,16
536,西鉄バス,西鉄バス・５５・普通・平和一・天神行,5,13
543,西鉄バス,西鉄バス・１１３・快速・六本松－国体道路・博多駅行,14,20
544,西鉄バス,西鉄バス・１１３・普通・油山団地・片江営行,10,14
545,西鉄バス,西鉄バス・１１３・普通・油山－観光道路－六本松－国体道路・博多駅行,16,21
546,西鉄バス,西鉄バス・１１３・普通・油山団地・片江営行,6,14
556,西鉄バス,西鉄バス・１・普通・吉塚営行,4,8
557,西鉄バス,西鉄バス・５２－１・普通・長住－寺塚－野間－赤坂門・天神行,12,23
558,西鉄バス,西鉄バス・５２・普通・松本池・桧原営行,9,27
562,西鉄バス,西鉄バス・５２－１・普通・野間－寺塚－長住－松本池・桧原営行,9,15
592,西鉄バス,西鉄バス・８８・普通・博多駅－国際会議場前－マリンメッセ前・中央埠頭行,16,34
593,西鉄バス,西鉄バス・５０・普通・薬院駅－渡辺通一－住吉・博多駅行,7,19
618,高速バス,高速バス・西鉄バス・いとうづ号・砂津行,4,2
632,高速バス,高速バス・西鉄バス・福岡－行橋線・西鉄天神高速バスターミナル行,1,5
634,西鉄バス,西鉄バス・２３・普通・昭和通・天神行,14,29
656,西鉄バス,西鉄バス・２５Ａ・普通・志賀島小前行,37,34
657,西鉄バス,西鉄バス・２１Ａ・普通・雁の巣ＲＣ行,1,5
664,西鉄バス,西鉄バス・２１Ｂ・普通・ＩＣ－都高・天神行,10,14
665,西鉄バス,西鉄バス・２１Ａ・普通・昭和通・天神行,6,12
729,西鉄バス,西鉄バス・７３・普通・八田団地・土井営行,7,15
735,西鉄バス,西鉄バス・２４Ｃ・普通・八田団地－松島五－天神北ランプ・天神行,10,16
746,西鉄バス,西鉄バス・７２Ｃ・普通・多々良・土井団地行,11,11
748,西鉄バス,西鉄バス・７２Ｃ・普通・流通Ｃ－松島五－昭和通・天神行,11,11
765,西鉄バス,西鉄バス・２８Ｂ・普通・青葉台入口・土井団地行,17,21
768,西鉄バス,西鉄バス・２７・普通・香椎参道－名島－昭和通－天神・大濠公園行,22,34
790,西鉄バス,西鉄バス・３６・普通・妙見－昭和通・天神行,42,41
793,西鉄バス,西鉄バス・３２・普通・原田橋行,14,30
794,西鉄バス,西鉄バス・３２・普通・志免－亀山－空港通・博多駅行,13,28
796,西鉄バス,西鉄バス・３２・普通・亀山－空港通・博多駅行,13,27
797,西鉄バス,西鉄バス・３３・普通・志免－上宇美・障子岳行,27,27
800,西鉄バス,西鉄バス・３４・普通・昭和通－天神－妙見－亀山－志免・極楽寺行,13,48
802,西鉄バス,西鉄バス・３４・普通・昭和通－天神・大濠公園行,26,37
804,西鉄バス,西鉄バス・３４・普通・妙見－昭和通－天神・大濠公園行,14,32
805,西鉄バス,西鉄バス・３３・普通・障子岳・極楽寺行,6,11
806,西鉄バス,西鉄バス・３０・普通・空港通－亀山・イオンモール福岡行,1,13
807,西鉄バス,西鉄バス・３０・普通・空港通－亀山・イオンモール福岡行,12,20
809,西鉄バス,西鉄バス・３４・普通・昭和通－天神・大濠公園行,37,44
810,西鉄バス,西鉄バス・３２・普通・志免－亀山－空港通博多駅－昭和通天神・大濠公園行,14,41
839,西鉄バス,西鉄バス・３９・普通・月隈団地－桜丘－ひばりケ丘・上宇美行,20,30
841,西鉄バス,西鉄バス・３９Ｂ・普通・東平尾公園入口－月隈団地－桜丘・ひばりが丘団地行,14,14
842,西鉄バス,西鉄バス・３９・普通・福岡空港－空港通・博多駅行,8,22
844,西鉄バス,西鉄バス・３９０・普通・月隈団地－桜丘－ひばりケ丘・上宇美行,18,18
845,西鉄バス,西鉄バス・３７０・普通・月隈ランプ・天神行,4,15
847,西鉄バス,西鉄バス・３９・普通・月隈団地－桜丘・ひばりが丘団地行,1,11
849,西鉄バス,西鉄バス・３９・普通・福岡空港－空港通・博多駅行,1,12
853,西鉄バス,西鉄バス・３９・普通・二又瀬－空港通・博多駅行,10,31
86,西鉄バス,西鉄バス・９・普通・城南－渡辺通一・博多駅行,34,34
872,西鉄バス,西鉄バス・４５・普通・井尻駅－昇町・桜並木駅行,10,37
874,西鉄バス,西鉄バス・４４・普通・南本町・桜並木駅行,7,7
875,西鉄バス,西鉄バス・４４・普通・山王－諸岡－南本町・桜並木駅行,14,19
876,西鉄バス,西鉄バス・４５・普通・女学院・西鉄井尻駅行,17,17
881,西鉄バス,西鉄バス・４５・普通・諸岡－井尻駅－女学院－昇町・桜並木駅行,23,29
883,西鉄バス,西鉄バス・４５－１・普通・徳洲会病院・西鉄井尻駅行,11,16
90,西鉄バス,西鉄バス・１５・普通・博多駅行,13,11
900,西鉄バス,西鉄バス・４１・普通・麦野・桜並木駅行,23,18
901,西鉄バス,西鉄バス・４１・普通・麦野・イオン大野城行,16,18
91,西鉄バス,西鉄バス・１５・普通・城南－渡辺通一・博多駅行,27,28
913,西鉄バス,西鉄バス・１・普通・箱崎三行,19,37
919,西鉄バス,西鉄バス・６８－１・普通・福大若葉高・福浜行,40,40
921,西鉄バス,西鉄バス・９０・普通・天神－対馬小路・博多埠頭行,18,24
922,西鉄バス,西鉄バス・６８－１・普通・福大若葉高・福浜行,30,33
923,西鉄バス,西鉄バス・６１０・普通・野多目ＲＰ－老司団地－今立・やよい坂方面行,15,42
925,西鉄バス,西鉄バス・６・普通・福大病院行,5,24
926,西鉄バス,西鉄バス・６６・普通・百年橋・博多駅行,8,26
927,西鉄バス,西鉄バス・６６・普通・現人橋－野間－百年橋・博多駅行,7,20
944,西鉄バス,西鉄バス・４８・普通・大橋－竹下駅西口－駅４・博多駅行,16,24
945,西鉄バス,西鉄バス・４８・普通・竹下駅西口－大橋－がんＣ・福翔・野多目行,38,35
947,西鉄バス,西鉄バス・６３・普通・竹下駅西口・大橋駅行,8,15
950,西鉄バス,西鉄バス・４・普通・大橋駅行,3,14
